elf,launched,completed,passed,CPU time [s],simulation time [ns]
/home/bea/snitch-axi4-xbars/sc/target/snitch_cluster/sw/tests/build/alias.elf,True,True,True,0.44,2400.0
/home/bea/snitch-axi4-xbars/sc/target/snitch_cluster/sw/tests/build/atomics.elf,True,True,True,0.47,2400.0
/home/bea/snitch-axi4-xbars/sc/target/snitch_cluster/sw/tests/build/barrier.elf,True,True,True,0.41,1600.0
/home/bea/snitch-axi4-xbars/sc/target/snitch_cluster/sw/tests/build/dma_simple.elf,True,True,True,0.51,2800.0
/home/bea/snitch-axi4-xbars/sc/target/snitch_cluster/sw/tests/build/fence_i.elf,True,True,True,0.43,4000.0
/home/bea/snitch-axi4-xbars/sc/target/snitch_cluster/sw/tests/build/event_unit.elf,True,True,True,0.76,6000.0
/home/bea/snitch-axi4-xbars/sc/target/snitch_cluster/sw/tests/build/fp8_comparison_scalar.elf,True,True,True,0.46,1600.0
/home/bea/snitch-axi4-xbars/sc/target/snitch_cluster/sw/tests/build/fp8_comparison_vector.elf,True,True,True,0.53,1800.0
/home/bea/snitch-axi4-xbars/sc/target/snitch_cluster/sw/tests/build/fp8_computation_scalar.elf,True,True,True,0.54,1800.0
/home/bea/snitch-axi4-xbars/sc/target/snitch_cluster/sw/tests/build/data_mover.elf,True,True,True,2.52,34000.0
/home/bea/snitch-axi4-xbars/sc/target/snitch_cluster/sw/tests/build/fp8alt_comparison_scalar.elf,True,True,True,0.48,1600.0
/home/bea/snitch-axi4-xbars/sc/target/snitch_cluster/sw/tests/build/fp8_computation_vector.elf,True,True,True,0.72,2200.0
/home/bea/snitch-axi4-xbars/sc/target/snitch_cluster/sw/tests/build/fp8alt_comparison_vector.elf,True,True,True,0.52,1800.0
/home/bea/snitch-axi4-xbars/sc/target/snitch_cluster/sw/tests/build/fp8alt_computation_scalar.elf,True,True,True,0.53,1800.0
/home/bea/snitch-axi4-xbars/sc/target/snitch_cluster/sw/tests/build/fp16_comparison_scalar.elf,True,True,True,0.46,1600.0
/home/bea/snitch-axi4-xbars/sc/target/snitch_cluster/sw/tests/build/fp8alt_computation_vector.elf,True,True,True,0.72,2200.0
/home/bea/snitch-axi4-xbars/sc/target/snitch_cluster/sw/tests/build/fp16_comparison_vector.elf,True,True,True,0.53,1800.0
/home/bea/snitch-axi4-xbars/sc/target/snitch_cluster/sw/tests/build/fp16_computation_scalar.elf,True,True,True,0.53,1800.0
/home/bea/snitch-axi4-xbars/sc/target/snitch_cluster/sw/tests/build/fp16alt_comparison_scalar.elf,True,True,True,0.46,1600.0
/home/bea/snitch-axi4-xbars/sc/target/snitch_cluster/sw/tests/build/fp16_computation_vector.elf,True,True,True,0.66,2200.0
/home/bea/snitch-axi4-xbars/sc/target/snitch_cluster/sw/tests/build/fp16alt_comparison_vector.elf,True,True,True,0.51,1800.0
/home/bea/snitch-axi4-xbars/sc/target/snitch_cluster/sw/tests/build/fp16alt_computation_scalar.elf,True,True,True,0.53,1800.0
/home/bea/snitch-axi4-xbars/sc/target/snitch_cluster/sw/tests/build/fp32_comparison_scalar.elf,True,True,True,0.46,1600.0
/home/bea/snitch-axi4-xbars/sc/target/snitch_cluster/sw/tests/build/fp16alt_computation_vector.elf,True,True,True,0.64,2200.0
/home/bea/snitch-axi4-xbars/sc/target/snitch_cluster/sw/tests/build/fp32_comparison_vector.elf,True,True,True,0.52,1800.0
/home/bea/snitch-axi4-xbars/sc/target/snitch_cluster/sw/tests/build/fp32_computation_scalar.elf,True,True,True,0.55,1800.0
/home/bea/snitch-axi4-xbars/sc/target/snitch_cluster/sw/tests/build/fp32_computation_vector.elf,True,True,True,0.65,2200.0
/home/bea/snitch-axi4-xbars/sc/target/snitch_cluster/sw/tests/build/fp32_conversions_scalar.elf,True,True,True,0.59,2000.0
/home/bea/snitch-axi4-xbars/sc/target/snitch_cluster/sw/tests/build/multi_cluster.elf,True,True,True,0.46,2600.0
/home/bea/snitch-axi4-xbars/sc/target/snitch_cluster/sw/tests/build/openmp_parallel.elf,True,True,True,0.96,8400.0
/home/bea/snitch-axi4-xbars/sc/target/snitch_cluster/sw/tests/build/interrupt_local.elf,True,True,True,1.78,20200.0
/home/bea/snitch-axi4-xbars/sc/target/snitch_cluster/sw/tests/build/openmp_for_static_schedule.elf,True,True,True,1.44,11400.0
/home/bea/snitch-axi4-xbars/sc/target/snitch_cluster/sw/tests/build/printf_simple.elf,True,True,True,1.14,14400.0
/home/bea/snitch-axi4-xbars/sc/target/snitch_cluster/sw/tests/build/simple.elf,True,True,True,0.39,1400.0
/home/bea/snitch-axi4-xbars/sc/target/snitch_cluster/sw/tests/build/perf_cnt.elf,True,True,True,2.1,33200.0
/home/bea/snitch-axi4-xbars/sc/target/snitch_cluster/sw/tests/build/printf_fmtint.elf,True,True,True,1.81,25200.0
/home/bea/snitch-axi4-xbars/sc/target/snitch_cluster/sw/tests/build/team_global.elf,True,True,True,0.38,1400.0
/home/bea/snitch-axi4-xbars/sc/target/snitch_cluster/sw/tests/build/tls.elf,True,True,True,0.41,1600.0
/home/bea/snitch-axi4-xbars/sc/target/snitch_cluster/sw/tests/build/varargs_1.elf,True,True,True,0.47,1600.0
/home/bea/snitch-axi4-xbars/sc/target/snitch_cluster/sw/tests/build/varargs_2.elf,True,True,True,0.46,1600.0
/home/bea/snitch-axi4-xbars/sc/target/snitch_cluster/sw/tests/build/zero_mem.elf,True,True,True,0.48,2000.0
/home/bea/snitch-axi4-xbars/sc/target/snitch_cluster/sw/tests/build/non_null_exitcode.elf,True,True,True,0.37,1400.0
/home/bea/snitch-axi4-xbars/sc/target/snitch_cluster/sw/tests/build/caq.elf,True,True,True,0.58,1800.0
/home/bea/snitch-axi4-xbars/sc/target/snitch_cluster/sw/tests/build/caq_frep.elf,True,True,True,0.7,2200.0
/home/bea/snitch-axi4-xbars/sc/target/snitch_cluster/sw/tests/build/openmp_double_buffering.elf,True,True,True,7.53,26400.0
/home/bea/snitch-axi4-xbars/sc/target/snitch_cluster/sw/apps/dnn/batchnorm/build/batchnorm.elf,True,True,True,1.5,4600.0
/home/bea/snitch-axi4-xbars/sc/target/snitch_cluster/sw/apps/blas/axpy/build/axpy.elf,True,True,True,0.52,1800.0
/home/bea/snitch-axi4-xbars/sc/target/snitch_cluster/sw/apps/dnn/concat/build/concat.elf,True,True,True,0.44,1600.0
/home/bea/snitch-axi4-xbars/sc/target/snitch_cluster/sw/apps/dnn/maxpool/build/maxpool.elf,True,True,True,4.74,11200.0
/home/bea/snitch-axi4-xbars/sc/target/snitch_cluster/sw/apps/dnn/fused_concat_linear/build/fused_concat_linear.elf,True,True,True,3.54,6600.0
/home/bea/snitch-axi4-xbars/sc/target/snitch_cluster/sw/apps/montecarlo/pi_estimation/build/pi_estimation.elf,True,True,True,3.36,6000.0
/home/bea/snitch-axi4-xbars/sc/target/snitch_cluster/sw/apps/atax/build/atax.elf,True,True,True,0.75,2000.0
/home/bea/snitch-axi4-xbars/sc/target/snitch_cluster/sw/apps/blas/gemm/build/gemm.elf,True,True,True,10.27,14400.0
