test,baseline passed,generated passed,baseline sim time [ns],generated sim time [ns],sim time delta [ns],baseline CPU [s],generated CPU [s],differs
sw/tests/build/alias.elf,True,True,2400.0,2400.0,0.0,0.44,0.46,False
sw/tests/build/atomics.elf,True,True,2400.0,2400.0,0.0,0.47,0.47,False
sw/tests/build/barrier.elf,True,True,1600.0,1600.0,0.0,0.41,0.42,False
sw/tests/build/dma_simple.elf,True,True,2800.0,2800.0,0.0,0.51,0.51,False
sw/tests/build/fence_i.elf,True,True,4000.0,4000.0,0.0,0.43,0.43,False
sw/tests/build/event_unit.elf,True,True,6000.0,6000.0,0.0,0.76,0.77,False
sw/tests/build/fp8_comparison_scalar.elf,True,True,1600.0,1600.0,0.0,0.46,0.47,False
sw/tests/build/fp8_comparison_vector.elf,True,True,1800.0,1800.0,0.0,0.53,0.53,False
sw/tests/build/fp8_computation_scalar.elf,True,True,1800.0,1800.0,0.0,0.54,0.53,False
sw/tests/build/data_mover.elf,True,True,34000.0,34000.0,0.0,2.52,2.54,False
sw/tests/build/fp8alt_comparison_scalar.elf,True,True,1600.0,1600.0,0.0,0.48,0.47,False
sw/tests/build/fp8_computation_vector.elf,True,True,2200.0,2200.0,0.0,0.72,0.69,False
sw/tests/build/fp8alt_comparison_vector.elf,True,True,1800.0,1800.0,0.0,0.52,0.53,False
sw/tests/build/fp8alt_computation_scalar.elf,True,True,1800.0,1800.0,0.0,0.53,0.53,False
sw/tests/build/fp16_comparison_scalar.elf,True,True,1600.0,1600.0,0.0,0.46,0.47,False
sw/tests/build/fp8alt_computation_vector.elf,True,True,2200.0,2200.0,0.0,0.72,0.72,False
sw/tests/build/fp16_comparison_vector.elf,True,True,1800.0,1800.0,0.0,0.53,0.52,False
sw/tests/build/fp16_computation_scalar.elf,True,True,1800.0,1800.0,0.0,0.53,0.54,False
sw/tests/build/fp16alt_comparison_scalar.elf,True,True,1600.0,1600.0,0.0,0.46,0.47,False
sw/tests/build/fp16_computation_vector.elf,True,True,2200.0,2200.0,0.0,0.66,0.66,False
sw/tests/build/fp16alt_comparison_vector.elf,True,True,1800.0,1800.0,0.0,0.51,0.52,False
sw/tests/build/fp16alt_computation_scalar.elf,True,True,1800.0,1800.0,0.0,0.53,0.54,False
sw/tests/build/fp32_comparison_scalar.elf,True,True,1600.0,1600.0,0.0,0.46,0.47,False
sw/tests/build/fp16alt_computation_vector.elf,True,True,2200.0,2200.0,0.0,0.64,0.67,False
sw/tests/build/fp32_comparison_vector.elf,True,True,1800.0,1800.0,0.0,0.52,0.51,False
sw/tests/build/fp32_computation_scalar.elf,True,True,1800.0,1800.0,0.0,0.55,0.54,False
sw/tests/build/fp32_computation_vector.elf,True,True,2200.0,2200.0,0.0,0.65,0.65,False
sw/tests/build/fp32_conversions_scalar.elf,True,True,2000.0,2000.0,0.0,0.59,0.59,False
sw/tests/build/multi_cluster.elf,True,True,2600.0,2600.0,0.0,0.46,0.47,False
sw/tests/build/openmp_parallel.elf,True,True,8400.0,8400.0,0.0,0.96,0.95,False
sw/tests/build/interrupt_local.elf,True,True,20200.0,20200.0,0.0,1.78,1.78,False
sw/tests/build/openmp_for_static_schedule.elf,True,True,11400.0,11400.0,0.0,1.44,1.45,False
sw/tests/build/printf_simple.elf,True,True,14400.0,14400.0,0.0,1.14,1.15,False
sw/tests/build/simple.elf,True,True,1400.0,1400.0,0.0,0.39,0.38,False
sw/tests/build/perf_cnt.elf,True,True,33200.0,33200.0,0.0,2.1,2.16,False
sw/tests/build/printf_fmtint.elf,True,True,25200.0,25200.0,0.0,1.81,1.8,False
sw/tests/build/team_global.elf,True,True,1400.0,1400.0,0.0,0.38,0.39,False
sw/tests/build/tls.elf,True,True,1600.0,1600.0,0.0,0.41,0.41,False
sw/tests/build/varargs_1.elf,True,True,1600.0,1600.0,0.0,0.47,0.46,False
sw/tests/build/varargs_2.elf,True,True,1600.0,1600.0,0.0,0.46,0.45,False
sw/tests/build/zero_mem.elf,True,True,2000.0,2000.0,0.0,0.48,0.48,False
sw/tests/build/non_null_exitcode.elf,True,True,1400.0,1400.0,0.0,0.37,0.36,False
sw/tests/build/caq.elf,True,True,1800.0,1800.0,0.0,0.58,0.57,False
sw/tests/build/caq_frep.elf,True,True,2200.0,2200.0,0.0,0.7,0.69,False
sw/tests/build/openmp_double_buffering.elf,True,True,26400.0,26400.0,0.0,7.53,7.54,False
sw/apps/dnn/batchnorm/build/batchnorm.elf,True,True,4600.0,4600.0,0.0,1.5,1.63,False
sw/apps/blas/axpy/build/axpy.elf,True,True,1800.0,1800.0,0.0,0.52,0.52,False
sw/apps/dnn/concat/build/concat.elf,True,True,1600.0,1600.0,0.0,0.44,0.45,False
sw/apps/dnn/maxpool/build/maxpool.elf,True,True,11200.0,11200.0,0.0,4.74,6.1,False
sw/apps/dnn/fused_concat_linear/build/fused_concat_linear.elf,True,True,6600.0,6600.0,0.0,3.54,3.84,False
sw/apps/montecarlo/pi_estimation/build/pi_estimation.elf,True,True,6000.0,6000.0,0.0,3.36,3.71,False
sw/apps/atax/build/atax.elf,True,True,2000.0,2000.0,0.0,0.75,0.78,False
sw/apps/blas/gemm/build/gemm.elf,True,True,14400.0,14400.0,0.0,10.27,12.29,False
